Player,Country,Team,Goals,Season
Nicolas Anelka,France,Chelsea FC,19,2008-2009
Cristiano Ronaldo,Portugal,Manchester United,18,2008-2009
Steven Gerrard,England,Liverpool FC,16,2008-2009
Fernando Torres,Spain,Liverpool FC,14,2008-2009
Robinho,Brazil,Manchester City,14,2008-2009
Darren Bent,England,Tottenham Hotspur,12,2008-2009
Dirk Kuyt,Netherlands,Liverpool FC,12,2008-2009
Frank Lampard,England,Chelsea FC,12,2008-2009
Wayne Rooney,England,Manchester United,12,2008-2009
Gabriel Agbonlahor,England,Aston Villa,11,2008-2009
John Carew,Norway,Aston Villa,11,2008-2009
Kevin Davies,England,Bolton Wanderers,11,2008-2009
Jermain Defoe,England,Tottenham Hotspur,11,2008-2009
Ricardo Fuller,Jamaica,Stoke City,11,2008-2009
Robin van Persie,Netherlands,Arsenal FC,11,2008-2009
Emmanuel Adebayor,Togo,Arsenal FC,10,2008-2009
Djibril Cissé,France,Sunderland AFC,10,2008-2009
Carlton Cole,England,West Ham United,10,2008-2009
Peter Crouch,England,Portsmouth FC,10,2008-2009
Kenwyne Jones,Trinidad & Tobago,Sunderland AFC,10,2008-2009
Robbie Keane,Ireland,Tottenham Hotspur,10,2008-2009
Benni McCarthy,South Africa,Blackburn Rovers,10,2008-2009
Matthew Taylor,England,Bolton Wanderers,10,2008-2009
Amr Zaki,Egypt,Wigan Athletic,10,2008-2009
Nicklas Bendtner,Denmark,Arsenal FC,9,2008-2009
Dimitar Berbatov,Bulgaria,Tottenham Hotspur,9,2008-2009
Chris Brunt,Northern Ireland,West Bromwich Albion,9,2008-2009
Stephen Ireland,Ireland,Manchester City,9,2008-2009
Yossi Benayoun,Israel,Liverpool FC,8,2008-2009
Tim Cahill,Australia,Everton FC,8,2008-2009
Marouane Fellaini,Belgium,Everton FC,8,2008-2009
Géovanni,Brazil,Hull City,8,2008-2009
Obafemi Martins,Nigeria,Newcastle United,8,2008-2009
Michael Owen,England,Newcastle United,8,2008-2009
James Beattie,England,Stoke City,7,2008-2009
Craig Bellamy,Wales,West Ham United,7,2008-2009
Clint Dempsey,USA,Fulham FC,7,2008-2009
Andy Johnson,England,Fulham FC,7,2008-2009
Salomon Kalou,Ivory Coast,Chelsea FC,7,2008-2009
Marlon King,Jamaica,Middlesbrough FC,7,2008-2009
Jason Roberts,Grenada,Blackburn Rovers,7,2008-2009
Tuncay Şanlı,Turkey,Middlesbrough FC,7,2008-2009
Ashley Young,England,Aston Villa,7,2008-2009
Andrey Arshavin,Russia,Arsenal FC,6,2008-2009
Roman Bednář,Czech Republic,West Bromwich Albion,6,2008-2009
Elano,Brazil,Manchester City,6,2008-2009
Jô,Brazil,Manchester City,6,2008-2009
Florent Malouda,French Guyana,Chelsea FC,6,2008-2009
Mido,Egypt,Wigan Athletic,6,2008-2009
Mikel Arteta,Spain,Everton FC,6,2008-2009
Samir Nasri,France,Arsenal FC,6,2008-2009
Leon Osman,England,Everton FC,6,2008-2009
Louis Saha,France,Everton FC,6,2008-2009
Gareth Barry,England,Aston Villa,5,2008-2009
Didier Drogba,Ivory Coast,Chelsea FC,5,2008-2009
Johan Elmander,Sweden,Bolton Wanderers,5,2008-2009
Emile Heskey,England,Wigan Athletic,5,2008-2009
Aaron Lennon,England,Tottenham Hotspur,5,2008-2009
Danny Murphy,England,Fulham FC,5,2008-2009
Roman Pavlyuchenko,Russia,Tottenham Hotspur,5,2008-2009
Carlos Tévez,Argentina,Manchester United,5,2008-2009
Shaun Wright-Phillips,England,Manchester City,5,2008-2009
Afonso Alves,Brazil,Middlesbrough FC,4,2008-2009
Shola Ameobi,Nigeria,Newcastle United,4,2008-2009
Keith Andrews,Ireland,Blackburn Rovers,4,2008-2009
Yakubu Ayegbeni,Nigeria,Everton FC,4,2008-2009
Felipe Caicedo,Ecuador,Manchester City,4,2008-2009
Michael Carrick,England,Manchester United,4,2008-2009
Daniel Cousin,Gabon,Hull City,4,2008-2009
David Di Michele,Italy,West Ham United,4,2008-2009
Marc-Antoine Fortuné,France,West Bromwich Albion,4,2008-2009
Ricardo Gardner,Jamaica,Bolton Wanderers,4,2008-2009
Jermaine Jenas,England,Tottenham Hotspur,4,2008-2009
Diomansy Kamara,Senegal,Fulham FC,4,2008-2009
Joleon Lescott,England,Everton FC,4,2008-2009
Erik Nevland,Norway,Fulham FC,4,2008-2009
Gary O'Neil,England,Middlesbrough FC,4,2008-2009
Kieran Richardson,England,Sunderland AFC,4,2008-2009
Roque Santa Cruz,Paraguay,Blackburn Rovers,4,2008-2009
Daniel Sturridge,England,Manchester City,4,2008-2009
Steven Taylor,England,Newcastle United,4,2008-2009
Michael Turner,England,Hull City,4,2008-2009
Nemanja Vidić,Serbia,Manchester United,4,2008-2009
Xabi Alonso,Spain,Liverpool FC,4,2008-2009
Albert Riera,Spain,Liverpool FC,3,2008-2009
Ryan Babel,Netherlands,Liverpool FC,3,2008-2009
Belletti,Brazil,Chelsea FC,3,2008-2009
Gary Cahill,England,Bolton Wanderers,3,2008-2009
Andy Carroll,England,Newcastle United,3,2008-2009
Cesc Fàbregas,Spain,Arsenal FC,3,2008-2009
Jack Collison,Wales,West Ham United,3,2008-2009
Deco,Portugal,Chelsea FC,3,2008-2009
Denilson,Brazil,Arsenal FC,3,2008-2009
Abou Diaby,France,Arsenal FC,3,2008-2009
Diego Tristán,Spain,West Ham United,3,2008-2009
Damien Duff,Ireland,Newcastle United,3,2008-2009
Emmanuel Eboué,Ivory Coast,Arsenal FC,3,2008-2009
Craig Fagan,England,Hull City,3,2008-2009
Abdoulaye Faye,Senegal,Stoke City,3,2008-2009
Darren Fletcher,Scotland,Manchester United,3,2008-2009
Glen Johnson,England,Portsmouth FC,3,2008-2009
Niko Kranjčar,Croatia,Portsmouth FC,3,2008-2009
Liam Lawrence,Ireland,Stoke City,3,2008-2009
Peter Løvenkrands,Denmark,Newcastle United,3,2008-2009
Ishmael Miller,England,West Bromwich Albion,3,2008-2009
James Milner,England,Newcastle United,3,2008-2009
Luka Modrić,Croatia,Tottenham Hotspur,3,2008-2009
James Morrison,Scotland,West Bromwich Albion,3,2008-2009
Mark Noble,England,West Ham United,3,2008-2009
David Nugent,England,Portsmouth FC,3,2008-2009
Steven Pienaar,South Africa,Everton FC,3,2008-2009
Hugo Rodallega,Colombia,Wigan Athletic,3,2008-2009
Ryan Shawcross,England,Stoke City,3,2008-2009
Mamady Sidibe,Mali,Stoke City,3,2008-2009
Steven Sidwell,England,Aston Villa,3,2008-2009
Grétar Steinsson,Iceland,Bolton Wanderers,3,2008-2009
Antonio Valencia,Ecuador,Wigan Athletic,3,2008-2009
Stephen Warnock,England,Blackburn Rovers,3,2008-2009
Alex,Brazil,Chelsea FC,2,2008-2009
Jérémie Aliadiére,France,Middlesbrough FC,2,2008-2009
Dean Ashton,England,West Ham United,2,2008-2009
Nadir Belhadj,Algeria,Portsmouth FC,2,2008-2009
Bosingwa,Portugal,Chelsea FC,2,2008-2009
Jimmy Bullard,England,Hull City,2,2008-2009
Henri Camara,Senegal,Wigan Athletic,2,2008-2009
Michael Chopra,England,Sunderland AFC,2,2008-2009
Joe Cole,England,Chelsea FC,2,2008-2009
Simon Davies,Wales,Fulham FC,2,2008-2009
Rory Delap,Ireland,Stoke City,2,2008-2009
Matt Derbyshire,England,Blackburn Rovers,2,2008-2009
Matthew Etherington,England,West Ham United,2,2008-2009
Fábio Aurélio,Brazil,Liverpool FC,2,2008-2009
William Gallas,France,Arsenal FC,2,2008-2009
Zoltán Gera,Hungary,Fulham FC,2,2008-2009
Ryan Giggs,Wales,Manchester United,2,2008-2009
Dan Gosling,England,Everton FC,2,2008-2009
Jonathan Greening,England,West Bromwich Albion,2,2008-2009
Danny Guthrie,England,Newcastle United,2,2008-2009
Hermann Hreiðarsson,Iceland,Portsmouth FC,2,2008-2009
Robert Koren,Slovenia,West Bromwich Albion,2,2008-2009
Grant Leadbitter,England,Sunderland AFC,2,2008-2009
Federico Macheda,Italy,Manchester United,2,2008-2009
Manucho,Angola,Manchester United,2,2008-2009
Bernard Mendy,France,Hull City,2,2008-2009
David N'Gog,France,Liverpool FC,2,2008-2009
Charles N'Zogbia,France,Wigan Athletic,2,2008-2009
Seyi Olofinjana,Nigeria,Stoke City,2,2008-2009
Jonas Olsson,Sweden,West Bromwich Albion,2,2008-2009
André Ooijer,Netherlands,Blackburn Rovers,2,2008-2009
Ji-Sung Park,South Korea,Manchester United,2,2008-2009
Christopher Samba,Congo,Blackburn Rovers,2,2008-2009
Paul Scholes,England,Manchester United,2,2008-2009
Mikaël Silvestre,France,Arsenal FC,2,2008-2009
Junior Stanislas,England,West Ham United,2,2008-2009
Ryan Taylor,England,Wigan Athletic,2,2008-2009
Theo Walcott,England,Arsenal FC,2,2008-2009
Ben Watson,England,Wigan Athletic,2,2008-2009
Bobby Zamora,England,Fulham FC,2,2008-2009
Daniel Agger,Denmark,Liverpool FC,1,2008-2009
Victor Anichebe,Nigeria,Everton FC,1,2008-2009
Arbeloa,Spain,Liverpool FC,1,2008-2009
Ian Ashbee,England,Hull City,1,2008-2009
Leighton Baines,England,Everton FC,1,2008-2009
Michael Ballack,Germany,Chelsea FC,1,2008-2009
Nick Barmby,England,Hull City,1,2008-2009
Joey Barton,England,Newcastle United,1,2008-2009
Chris Basham,England,Bolton Wanderers,1,2008-2009
Matthew Bates,England,Middlesbrough FC,1,2008-2009
Craig Beattie,Scotland,West Bromwich Albion,1,2008-2009
Valon Behrami,Switzerland,West Ham United,1,2008-2009
Benjani,Zimbabwe,Manchester City,1,2008-2009
David Bentley,England,Tottenham Hotspur,1,2008-2009
Emmerson Boyce,Barbados,Wigan Athletic,1,2008-2009
Valeri Bozhinov,Bulgaria,Manchester City,1,2008-2009
Titus Bramble,England,Wigan Athletic,1,2008-2009
Wes Brown,England,Manchester United,1,2008-2009
Fraizer Campbell,England,Tottenham Hotspur,1,2008-2009
Lee Cattermole,England,Wigan Athletic,1,2008-2009
Gaël Clichy,France,Arsenal FC,1,2008-2009
Tamir Cohen,Israel,Bolton Wanderers,1,2008-2009
Ashley Cole,England,Chelsea FC,1,2008-2009
Danny Collins,Wales,Sunderland AFC,1,2008-2009
Vedran Ćorluka,Croatia,Tottenham Hotspur,1,2008-2009
Calum Davenport,England,West Ham United,1,2008-2009
Curtis Davies,England,Aston Villa,1,2008-2009
Sean Davis,England,Portsmouth FC,1,2008-2009
Andy Dawson,England,Hull City,1,2008-2009
Michael Dawson,England,Tottenham Hotspur,1,2008-2009
El-Hadji Diouf,Senegal,Sunderland AFC,1,2008-2009
Andrea Dossena,Italy,Liverpool FC,1,2008-2009
David Dunn,England,Blackburn Rovers,1,2008-2009
Richard Dunne,Ireland,Manchester City,1,2008-2009
David Edgar,Canada,Newcastle United,1,2008-2009
Brett Emerton,Australia,Blackburn Rovers,1,2008-2009
Michael Essien,Ghana,Chelsea FC,1,2008-2009
Dickson Etuhu,Nigeria,Fulham FC,1,2008-2009
Ched Evans,Wales,Manchester City,1,2008-2009
Gelson Fernandes,Switzerland,Manchester City,1,2008-2009
Maynor Figueroa,Honduras,Wigan Athletic,1,2008-2009
Caleb Folan,England,Hull City,1,2008-2009
Richard García,Australia,Hull City,1,2008-2009
Darron Gibson,Ireland,Manchester United,1,2008-2009
Brede Hangeland,Norway,Fulham FC,1,2008-2009
David Healy,Northern Ireland,Sunderland AFC,1,2008-2009
Danny Higginbotham,Gibraltar,Sunderland AFC,1,2008-2009
Sami Hyypiä,Finland,Liverpool FC,1,2008-2009
Javi Garrido,Spain,Manchester City,1,2008-2009
Younès Kaboul,France,Portsmouth FC,1,2008-2009
Nwankwo Kanu,Nigeria,Portsmouth FC,1,2008-2009
Olivier Kapo,France,Wigan Athletic,1,2008-2009
Tugay Kerimoğlu,Turkey,Blackburn Rovers,1,2008-2009
Ledley King,England,Tottenham Hotspur,1,2008-2009
Zat Knight,England,Aston Villa,1,2008-2009
Vincent Kompany,Belgium,Manchester City,1,2008-2009
Paul Konchesky,England,Fulham FC,1,2008-2009
Radoslav Kováč,Czech Republic,West Ham United,1,2008-2009
Martin Laursen,Denmark,Aston Villa,1,2008-2009
Lucas Leiva,Brazil,Liverpool FC,1,2008-2009
Steed Malbranque,France,Sunderland AFC,1,2008-2009
Paul McShane,Ireland,Sunderland AFC,1,2008-2009
Juan Menseguez,Argentina,West Bromwich Albion,1,2008-2009
Luke Moore,England,West Bromwich Albion,1,2008-2009
Hayden Mullins,England,West Ham United,1,2008-2009
Nani,Portugal,Manchester United,1,2008-2009
Lucas Neill,Australia,West Ham United,1,2008-2009
Ryan Nelsen,New Zealand,Blackburn Rovers,1,2008-2009
Andy O'Brien,Ireland,Bolton Wanderers,1,2008-2009
Jamie O'Hara,England,Tottenham Hotspur,1,2008-2009
Nedum Onuoha,England,Manchester City,1,2008-2009
Scott Parker,England,West Ham United,1,2008-2009
Morten Pedersen,Norway,Blackburn Rovers,1,2008-2009
Stilian Petrov,Bulgaria,Aston Villa,1,2008-2009
Emanuel Pogatetz,Austria,Middlesbrough FC,1,2008-2009
Sébastien Puygrenier,France,Bolton Wanderers,1,2008-2009
Rafael,Brazil,Manchester United,1,2008-2009
Andy Reid,Ireland,Sunderland AFC,1,2008-2009
Nigel Reo-Coker,England,Aston Villa,1,2008-2009
Ricardo Carvalho,Portugal,Chelsea FC,1,2008-2009
Micah Richards,England,Manchester City,1,2008-2009
Ki-hyeon Seol,South Korea,Fulham FC,1,2008-2009
Jay Simpson,England,West Bromwich Albion,1,2008-2009
Alex Song,Cameroon,Arsenal FC,1,2008-2009
John Terry,England,Chelsea FC,1,2008-2009
James Tomkins,England,West Ham United,1,2008-2009
Kolo Touré,Ivory Coast,Arsenal FC,1,2008-2009
Armand Traoré,Senegal,Portsmouth FC,1,2008-2009
John Utaka,Nigeria,Portsmouth FC,1,2008-2009
Carlos Vela,Mexico,Arsenal FC,1,2008-2009
Danny Welbeck,England,Manchester United,1,2008-2009
David Wheater,England,Middlesbrough FC,1,2008-2009
Glenn Whelan,Ireland,Stoke City,1,2008-2009
Jonathan Woodgate,England,Tottenham Hotspur,1,2008-2009
Xisco,Spain,Newcastle United,1,2008-2009
Joseph Yobo,Nigeria,Everton FC,1,2008-2009
Luke Young,England,Aston Villa,1,2008-2009
Pablo Zabaleta,Argentina,Manchester City,1,2008-2009
Kamil Zayatte,Guinea,Hull City,1,2008-2009
